workout_number,workout_type,exercise,set_number,weight_lbs,reps,notes
1,Chest_Back,Pec Deck,1,135,9,
1,Chest_Back,Pec Deck,2,135,6,
2,Chest_Back,Pec Deck,1,135,11,
2,Chest_Back,Pec Deck,2,135,8,
3,Chest_Back,Pec Deck,1,145,6,
3,Chest_Back,Pec Deck,2,145,9,
4,Chest_Back,Pec Deck,1,145,9,
4,Chest_Back,Pec Deck,2,145,9,
1,Chest_Back,Incline Dumbbell Press,1,60,6,
1,Chest_Back,Incline Dumbbell Press,2,60,5,
2,Chest_Back,Incline Dumbbell Press,1,60,7,
2,Chest_Back,Incline Dumbbell Press,2,60,5,
3,Chest_Back,Incline Dumbbell Press,1,60,8,
3,Chest_Back,Incline Dumbbell Press,2,60,6,
4,Chest_Back,Incline Dumbbell Press,1,60,7,
4,Chest_Back,Incline Dumbbell Press,2,60,5,
1,Chest_Back,Lat Pulldown,1,140,9,
1,Chest_Back,Lat Pulldown,2,140,6,
2,Chest_Back,Lat Pulldown,1,140,11,
2,Chest_Back,Lat Pulldown,2,140,6,
3,Chest_Back,Lat Pulldown,1,140,11,
3,Chest_Back,Lat Pulldown,2,140,9,
4,Chest_Back,Lat Pulldown,1,140,11,
4,Chest_Back,Lat Pulldown,2,140,8,
1,Chest_Back,Close Grip Row,1,121,9,
1,Chest_Back,Close Grip Row,2,121,8,
2,Chest_Back,Close Grip Row,1,121,10,
2,Chest_Back,Close Grip Row,2,121,9,
3,Chest_Back,Close Grip Row,1,121,9,
3,Chest_Back,Close Grip Row,2,121,8,
1,Chest_Back,Wide Grip Pulldown,1,99,9,
1,Chest_Back,Wide Grip Pulldown,2,99,11,
2,Chest_Back,Wide Grip Pulldown,1,110,5,Full reps only
2,Chest_Back,Wide Grip Pulldown,2,110,4,Full reps only
3,Chest_Back,Wide Grip Pulldown,1,104,7,To failure
3,Chest_Back,Wide Grip Pulldown,2,104,7,To failure
1,Shoulders_Arms,Shoulder Press,1,85,9,
1,Shoulders_Arms,Shoulder Press,2,85,7,
2,Shoulders_Arms,Shoulder Press,1,85,12,
2,Shoulders_Arms,Shoulder Press,2,85,7,
3,Shoulders_Arms,Shoulder Press,1,90,7,
3,Shoulders_Arms,Shoulder Press,2,90,6,
4,Shoulders_Arms,Shoulder Press,1,90,9,
4,Shoulders_Arms,Shoulder Press,2,90,7,
1,Shoulders_Arms,Cable Lateral Raise,1,16,9,
1,Shoulders_Arms,Cable Lateral Raise,2,16,6,
2,Shoulders_Arms,Cable Lateral Raise,1,16,11,
2,Shoulders_Arms,Cable Lateral Raise,2,16,7,
3,Shoulders_Arms,Cable Lateral Raise,1,16,11,
3,Shoulders_Arms,Cable Lateral Raise,2,16,7,
4,Shoulders_Arms,Cable Lateral Raise,1,16,13,
4,Shoulders_Arms,Cable Lateral Raise,2,16,9,
1,Shoulders_Arms,Single Arm Tricep Extension,1,32,9,
1,Shoulders_Arms,Single Arm Tricep Extension,2,32,7,
2,Shoulders_Arms,Single Arm Tricep Extension,1,32,10,
2,Shoulders_Arms,Single Arm Tricep Extension,2,32,8,
1,Shoulders_Arms,Overhead Cable Tricep Extension,1,44,7,
1,Shoulders_Arms,Overhead Cable Tricep Extension,2,44,6,
2,Shoulders_Arms,Overhead Cable Tricep Extension,1,44,8,
2,Shoulders_Arms,Overhead Cable Tricep Extension,2,44,7,
3,Shoulders_Arms,Overhead Cable Tricep Extension,1,44,9,
3,Shoulders_Arms,Overhead Cable Tricep Extension,2,44,8,
4,Shoulders_Arms,Overhead Cable Tricep Extension,1,44,11,
4,Shoulders_Arms,Overhead Cable Tricep Extension,2,44,9,
1,Shoulders_Arms,Preacher Curl Machine,1,110,9,
1,Shoulders_Arms,Preacher Curl Machine,2,110,8,
2,Shoulders_Arms,Preacher Curl Machine,1,115,8,
2,Shoulders_Arms,Preacher Curl Machine,2,115,7,
3,Shoulders_Arms,Preacher Curl Machine,1,115,8,
3,Shoulders_Arms,Preacher Curl Machine,2,115,7,
4,Shoulders_Arms,Preacher Curl Machine,1,115,10,
4,Shoulders_Arms,Preacher Curl Machine,2,115,7,
1,Shoulders_Arms,Hammer Curl,1,27.5,8,
1,Shoulders_Arms,Hammer Curl,2,27.5,8,
2,Shoulders_Arms,Hammer Curl,1,30,8,
2,Shoulders_Arms,Hammer Curl,2,30,7,
3,Shoulders_Arms,Hammer Curl,1,30,7,
3,Shoulders_Arms,Hammer Curl,2,30,7,
4,Shoulders_Arms,Hammer Curl,1,30,9,
4,Shoulders_Arms,Hammer Curl,2,30,8,
1,Shoulders_Arms,Decline Crunch,1,10,20,
1,Shoulders_Arms,Decline Crunch,2,10,12,
2,Shoulders_Arms,Decline Crunch,1,15,16,
2,Shoulders_Arms,Decline Crunch,2,15,9,
3,Shoulders_Arms,Decline Crunch,1,15,20,
3,Shoulders_Arms,Decline Crunch,2,15,13,
4,Shoulders_Arms,Decline Crunch,1,20,10,
4,Shoulders_Arms,Decline Crunch,2,20,8,
1,Legs,Hack Squat,1,145,8,Estimated 55 lb sled plus 45 lb plate each side
1,Legs,Hack Squat,2,145,8,Estimated 55 lb sled plus 45 lb plate each side
2,Legs,Hack Squat,1,145,13,Estimated 55 lb sled plus 45 lb plate each side
2,Legs,Hack Squat,2,145,9,Estimated 55 lb sled plus 45 lb plate each side
3,Legs,Hack Squat,1,165,15,Estimated 55 lb sled plus 45 and 10 lb each side
3,Legs,Hack Squat,2,165,8,Estimated 55 lb sled plus 45 and 10 lb each side
1,Legs,Romanian Deadlift,1,225,7,Form issue
1,Legs,Romanian Deadlift,2,225,6,Form issue
1,Legs,Leg Extension,1,140,12,
1,Legs,Leg Extension,2,140,10,
2,Legs,Leg Extension,1,150,11,
2,Legs,Leg Extension,2,150,10,
1,Legs,Seated Hamstring Curl,1,120,7,
1,Legs,Seated Hamstring Curl,2,120,7,
2,Legs,Seated Hamstring Curl,1,120,9,
2,Legs,Seated Hamstring Curl,2,120,5,
1,Legs,Hip Abductor,1,280,11,